Property_ID,Suburb,Address,Sale_Price_AUD,Sale_Date,Bedrooms,Bathrooms,Parking,Land_Size_m2,Property_Type,Sale_Method,Source_URL,Notes
B001,Blacktown,"7 Highlands Crescent, Blacktown NSW 2148",1135000,2026-09-15,3,2,4,765,house,,"https://www.realestate.com.au/sold/property-house-in-blacktown,%2Bnsw%2B2148/list-1?activeSort=solddate&includeSurrounding=false&maxSoldAge=12-https://www.realestate.com.au/sold/property-house-in-blacktown,%2Bnsw%2B2148/list-1?activeSort=solddate&includeSurrounding=false&maxSoldAge=12-month",
B002,Blacktown,"81 Reservoir Road, Blacktown NSW 2148",1105000,2026-09-15,4,2,2,,house,,"https://www.realestate.com.au/sold/property-house-in-blacktown,%2Bnsw%2B2148/list-1?activeSort=solddate&includeSurrounding=false&maxSoldAge=12-https://www.realestate.com.au/sold/property-house-in-blacktown,%2Bnsw%2B2148/list-1?activeSort=solddate&includeSurrounding=false&maxSoldAge=12-month",
B003,Blacktown,"4 & 4A Joseph Street, Blacktown NSW 2148",1340000,2026-09-14,5,2,1,713,house,,"https://www.realestate.com.au/sold/property-house-in-blacktown,%2Bnsw%2B2148/list-1?activeSort=solddate&includeSurrounding=false&maxSoldAge=12-https://www.realestate.com.au/sold/property-house-in-blacktown,%2Bnsw%2B2148/list-1?activeSort=solddate&includeSurrounding=false&maxSoldAge=12-month",
B004,Blacktown,"42 Burke Street, Blacktown NSW 2148",1260000,2026-09-11,5,3,6,,house,,"https://www.realestate.com.au/sold/property-house-in-blacktown,%2Bnsw%2B2148/list-1?activeSort=solddate&includeSurrounding=false&maxSoldAge=12-https://www.realestate.com.au/sold/property-house-in-blacktown,%2Bnsw%2B2148/list-1?activeSort=solddate&includeSurrounding=false&maxSoldAge=12-month",
B005,Blacktown,"52 Balmoral Street, Blacktown NSW 2148",1300000,2026-09-08,4,1,1,696.77,house,,"https://www.realestate.com.au/sold/property-house-in-blacktown,%2Bnsw%2B2148/list-1?activeSort=solddate&includeSurrounding=false&maxSoldAge=12-https://www.realestate.com.au/sold/property-house-in-blacktown,%2Bnsw%2B2148/list-1?activeSort=solddate&includeSurrounding=false&maxSoldAge=12-month",
B006,Blacktown,"17 St Pauls Way, Blacktown NSW 2148",828000,2026-09-15,3,2,1,,townhouse ,private treaty ,https://www.domain.com.au/sold-listings/blacktown-nsw-2148/,
B007,Blacktown,"3/28 Frederick Street, Blacktown NSW 2148",732500,2026-09-14,2,1,1,,townhouse ,private treaty ,https://www.domain.com.au/sold-listings/blacktown-nsw-2148/,
B008,Blacktown,"20/5-9 Fourth Avenue, Blacktown NSW 2148",441000,2026-09-10,2,1,1,,Apartment ,private treaty ,https://www.domain.com.au/sold-listings/blacktown-nsw-2148/,
B009,Blacktown,"36/2-4 Fourth Avenue, Blacktown NSW 2148",415000,2026-09-10,2,1,1,103,unit ,private treaty ,https://www.domain.com.au/sold-listings/blacktown-nsw-2148/,
B010,Blacktown,"13/8-18 Wallace Street, Blacktown NSW 2148",463000,2026-09-09,2,2,1,,apartment ,private treaty ,https://www.domain.com.au/sold-listings/blacktown-nsw-2148/,
B011,Blacktown,"9 Cardiff Street, Blacktown NSW 2148",1089000,2026-09-08,5,2,2,556,house ,private traety ,https://www.domain.com.au/sold-listings/blacktown-nsw-2148/,
B012,Blacktown,"9 Kirkman Road, Blacktown NSW 2148",1070000,2026-09-03,4,1,2,638,house,prior to auction ,https://www.domain.com.au/sold-listings/blacktown-nsw-2148/,
B013,Blacktown,"1103/5 Second Avenue, Blacktown NSW 2148",420000,2026-09-01,2,2,1,,apartment ,private treaty ,https://www.domain.com.au/sold-listings/blacktown-nsw-2148/,
B014,Blacktown,"11/130 Main Street, Blacktown NSW 2148",375000,2026-09-02,1,1,1,,aprtment ,private treaty ,https://www.domain.com.au/sold-listings/blacktown-nsw-2148/,
B015,Blacktown,"17 Carinya Street, Blacktown NSW 2148",1600000,2026-09-01,3,1,1,1182,house ,private treaty ,https://www.domain.com.au/sold-listings/blacktown-nsw-2148/,
B016,Blacktown,"38-38A Burrell Parade, Blacktown NSW 2148",1480000,2026-08-28,5,3,4,563,house ,,,
B017,Blacktown,"2002/1 Boys Avenue, Blacktown NSW 2148",540000,2026-08-28,2,2,1,,apartment ,,,
B018,Blacktown,"21/25-27 Fourth Avenue, Blacktown NSW 2148",456000,2026-08-28,2,2,1,,apartment ,,,
B019,Blacktown,"39 Burke Street, Blacktown NSW 2148",1500000,2026-08-26,5,3,2,,house ,,,
B020,Blacktown,"19 Stephen Street, Blacktown NSW 2148",1062500,2026-08-26,3,1,1,574,house ,,,
B021,Blacktown,"73/31 Third Avenue, Blacktown NSW 2148",452000,2026-08-26,2,2,1,,apartment ,,,
B022,Blacktown,"7/45 Lyton Street, Blacktown NSW 2148",805000,2026-08-25,2,2,1,,townhouse ,,,
B023,Blacktown,"4/3-5 Boyd Street, Blacktown NSW 2148",459000,2026-08-25,2,1,1,,unit ,,,
B024,Blacktown,"130 Bungarribee Road, Blacktown NSW 2148",1150000,2026-08-24,3,1,1,673,house ,,,
B025,Blacktown,"36 Bedford Road, Blacktown NSW 2148",1007500,2026-08-24,3,2,4,651,house ,,,
B026,Blacktown,57 Walters Road,1221000,2026-08-08,3,1,1,835,house ,,,
B027,Blacktown,"59 Walters Road, Blacktown NSW 2148",900000,2026-08-08,3,1,1,562,house ,,,
B028,Blacktown,"17 Bedford Road, Blacktown NSW 2148",937500,2026-08-07,3,1,1,678,house ,,,
B029,Blacktown,"29/17-19 Third Avenue, Blacktown NSW 2148",455000,2026-08-07,2,1,1,,apartment ,,,
B030,Blacktown,"4/313 Flushcombe Road, Blacktown NSW 2148",920000,2026-08-05,3,2,2,236,townhouse ,,,
B031,Blacktown,"12 Siebel Street, Blacktown NSW 2148",1080000,2026-08-05,5,2,1,560,house ,,,
B032,Blacktown,"59 Lancaster Street, Blacktown NSW 2148",900000,2026-07-31,3,2,3,600,house ,,,
B033,Blacktown,"53-53A Pelleas Street, Blacktown NSW 2148",1700000,2026-07-29,7,4,2,582,house ,,,
B034,Blacktown,"9 Nicholas Street, Blacktown NSW 2148",1200000,2026-07-28,5,2,1,550,house ,,,
P001,Parramatta,"610/36-46 Cowper Street, Parramatta NSW 2150",575000,2026-09-14,2,2,1,113,apartment ,,,
P002,Parramatta,"2/16 Betts Street, Parramatta NSW 2150",660000,2026-09-12,2,2,1,,apartment ,,,
P003,Parramatta,"1404/1-3 Valentine Avenue, Parramatta NSW 2150","320,000
",2026-09-11,1,1,0,,apartment ,,,
P004,Parramatta,"820K/2 Morton Street, Parramatta NSW 2150",650000,2026-09-11,2,2,1,,apartment ,,,
P005,Parramatta,"15/12 Early Street, Parramatta NSW 2150",493000,2026-09-11,2,2,1,,apartment ,,,
P006,Parramatta,"33/68 Great Western Highway, Parramatta NSW 2150",520000,2026-09-11,2,1,1,116,apartment ,,,
P007,Parramatta,"505/23 Hassall Street, Parramatta NSW 2150",660000,2026-09-09,2,2,1,,apartment,,,
P008,Parramatta,"89/459-463 Church Street, Parramatta NSW 2150",580000,2026-09-04,2,2,1,136,apartment ,,,
P009,Parramatta,"8/64-66 Great Western Highway, Parramatta NSW 2150",425000,2026-09-04,1,1,1,,apartment ,,,
P010,Parramatta,"1702/45 Macquarie Street, Parramatta NSW 2150",705000,2026-09-04,2,2,1,,apartment ,,,
P011,Parramatta,"10/4 Peace Lane, Parramatta NSW 2150",570000,2026-09-03,2,2,1,108,apartment ,,,
P012,Parramatta,"1/18 Early Street, Parramatta NSW 2150",546000,2026-09-01,2,1,1,123,APARTMENT ,,,
P013,Parramatta,"17/10-12 Thomas Street, Parramatta NSW 2150",650000,2026-08-31,2,1,1,,APARTMENT ,,,
P014,Parramatta,"3/23 Good Street, Parramatta NSW 2150",569000,2026-08-31,2,1,1,,apartment ,,,
P015,Parramatta,"401/6 River Road West, Parramatta NSW 2150",540000,2026-08-30,2,2,1,108,apartment ,,,
P016,Parramatta,"1201/45 Macquarie Street, Parramatta NSW 2150",566000,2026-08-28,1,1,1,,apartment ,,,
P017,Parramatta,"5/30-32 Queens Avenue, Parramatta NSW 2150",680000,2026-08-28,2,1,1,,apartment ,,,
P018,Parramatta,"11/32 Hassall Street, Parramatta NSW 2150",590000,2026-08-28,2,1,1,,apartment ,,,
P019,Parramatta,"C26/88-98 Marsden Street, Parramatta NSW 2150",552000,2026-08-27,2,2,1,,unit ,,,
P020,Parramatta,"15/1 Good Street, Parramatta NSW 2150",480000,2026-08-27,2,1,1,,apartment ,,,
P021,Parramatta,"1417/32 Hunter Street, Parramatta NSW 2150",560000,2026-08-25,1,1,1,76,apartment,,,
P022,Parramatta,"16L/15 Campbell Street, Parramatta NSW 2150",405000,2026-08-25,,1,1,,apartment ,,,
P023,Parramatta," 805/21 Hassall Street, Parramatta NSW 2150",410000,2026-08-24,1,1,,,apartment ,,,
P024,Parramatta,"1502/88 Church Street, Parramatta NSW 2150",800000,2026-08-21,2,2,1,,apartment ,,,
P025,Parramatta,"41/3 Good Street, Parramatta NSW 2150",641000,2026-08-21,2,2,1,132,apartment ,,,
P026,Parramatta,"219/88 Church Street, Parramatta NSW 2150",600000,2026-08-21,1,1,1,72,apartment ,,,
P027,Parramatta,"907/6-10 Charles Street, Parramatta NSW 2150",720000,2026-08-25,3,2,1,189,apartment ,,,
P028,Parramatta,"D603/1 Broughton Street, Parramatta NSW 2150",680000,2026-08-25,2,2,1,,apartment,,,
P029,Parramatta,"230/1 Valentine Avenue, Parramatta NSW 2150",200000,2026-08-23,1,1,,,studio,,,
P030,Parramatta,"5/13 Queens Avenue, Parramatta NSW 2150",435000,2026-08-07,1,1,1,,apartment ,,,
P031,Parramatta,"902/22 Charles Street, Parramatta NSW 2150",400000,2026-08-07,1,1,1,81,unit,,,
P032,Parramatta,"404/23 Hassall Street, Parramatta NSW 2150",680000,2026-08-04,2,2,1,124,apartment ,,,
P033,Parramatta,"2/15-19 Early Street, Parramatta NSW 2150",588000,2026-08-04,2,1,1,150,apartment ,,,
R001,Randwick,"3/21 Waratah Avenue, Randwick NSW 2031",1265000,2026-09-11,2,1,,118,apartment ,,,
R002,Randwick,"15 Chiltern Street, Randwick NSW 2031",2900000,2026-09-10,3,2,2,237,house ,,,
R003,Randwick,"7/11A The Avenue, Randwick NSW 2031",1215000,2026-09-04,2,1,1,,apartment ,,,
R004,Randwick,"16/43A St Marks Road, Randwick NSW 2031",1365000,2026-09-14,2,1,1,,apartment ,,,
R005,Randwick,"1/99-105 Frenchmans Road, Randwick NSW 2031",1650000,2026-09-03,2,2,1,,apartment ,,,
R006,Randwick,"21/144-158 Alison Road, Randwick NSW 2031",1300000,2026-08-28,2,1,1,,apartment ,,,
R007,Randwick,"2/85 Cowper Street, Randwick NSW 2031",942000,2026-08-17,1,1,1,,apartment ,,,
R008,Randwick,"5C/12 Milford Street, Randwick NSW 2031",1625000,2026-08-05,2,1,1,,apartment ,,,
R009,Randwick,"9/42-44 Gilderthorpe Avenue, Randwick NSW 2031",1740000,2026-07-24,3,2,1,,apartment ,,,
R010,Randwick,"2A/16 Bligh Place, Randwick NSW 2031",975000,2026-07-23,2,1,1,,apartment ,,,
R011,Randwick,"502/88-98 King Street, Randwick NSW 2031",1170000,2026-07-21,1,1,1,,apartment ,,,
R012,Randwick,"32/69 St Marks Road, Randwick NSW 2031",718500,2026-07-10,1,1,1,,apartment ,,,
R013,Randwick,"16A Monmouth Street, Randwick NSW 2031",4050000,2026-07-07,4,2,2,276,house ,,,
R014,Randwick,"1/85 Coogee Bay Road, Randwick NSW 2031",1050000,2026-07-02,2,1,,,apartment ,,,
R015,Randwick,"2/208 Alison Road, Randwick NSW 2031",1100000,2026-06-29,2,1,,,apartment ,,,
R016,Randwick,"21/195-199 Avoca Street, Randwick NSW 2031",1245000,2026-06-27,2,1,1,,apartment ,,,
R017,Randwick,"509/11 Young Street, Randwick NSW 2031",1860000,2026-06-24,2,2,1,,apartment ,,,
R018,Randwick,"306/30 Young Street, Randwick NSW 2031",1025000,2026-06-23,1,1,,,apartment ,,,
R019,Randwick,"308/30 Young Street, Randwick NSW 2031",2590000,2026-06-19,3,2,2,,apartment ,,,
R020,Randwick,"40A Carrington Road, Randwick NSW 2031",2540000,2026-06-16,4,3,,,house ,,,
R021,Randwick,"6/3 Silver Street, Randwick NSW 2031",1000000,2026-06-12,2,1,1,,unit ,,,
R022,Randwick,"9/120 Perouse Road, Randwick NSW 2031",1260000,2026-06-06,2,1,1,,apartment ,,,
R023,Randwick,"126/244-254 Alison Road, Randwick NSW 2031",1110000,2026-06-05,2,1,1,,aprtment ,,,
R024,Randwick,"9/2A Bradley Street, Randwick NSW 2031",1365000,2026-06-03,2,1,,,apartment ,,,
R025,Randwick,"2/68A St Marks Road, Randwick NSW 2031",1865000,2026-05-29,3,1,1,,apartment ,,,
R026,Randwick,"2/64 Howard Street, Randwick NSW 2031",1150000,2026-05-26,2,1,1,,apartment ,,,
R027,Randwick,"3 Carter Street, Randwick NSW 2031",3575000,2026-05-22,4,1,2,,house ,,,
R028,Randwick,"104/9-15 Bishops Avenue, Randwick NSW 2031",1900000,2026-05-21,2,2,1,,apartment ,,,
R029,Randwick,"306/16 Roscrea Avenue, Randwick NSW 2031",1300000,2026-05-08,2,1,2,,apartment ,,,
R030,Randwick,"3/34 Cowper Street, Randwick NSW 2031",1300000,2026-05-07,3,1,,,apartment ,,,
R031,Randwick,"8/10 Pitt Street, Randwick NSW 2031",1025000,2026-05-07,1,1,,,apartment ,,,
R032,Randwick,"1/30 Judge Street, Randwick NSW 2031",1648000,2026-05-05,2,1,,,apartment ,,,
R033,Randwick,"7/39-41 Dolphin Street, Randwick NSW 2031",1500000,2026-04-30,2,2,1,,apartment ,,,
